0_62.jpg,135.22945,158.25677,-106.216995,138.39497,153.86852,-98.490845,139.02191,154.01355,-98.49273,139.57422,154.10419,-98.51571,135.15788,152.08878,-110.68103,133.3827,150.8388,-110.69251,131.56473,149.48239,-110.7042,134.60593,151.06053,-59.31844,126.328156,147.03448,-114.22218,132.60219,161.63826,-90.586266,129.49397,159.52988,-106.59598,116.66993,158.71193,-8.852486,111.09274,162.32375,-128.21432,111.51407,181.11362,26.899984,112.12503,187.5565,-139.97432,118.11558,200.94704,17.51315,116.448494,213.02132,-137.4872,120.15967,203.8432,17.938486,121.85291,215.47513,-152.63042,121.209915,205.9265,5.249138,123.483475,213.89726,-148.37917,118.84607,204.9547,11.259155,121.51302,213.1426,-136.13403,79.105354,176.1778,34.86386,77.89234,175.36476,-34.925323,47.819035,188.93858,59.78343,45.533524,188.29723,-6.5129304,16.34574,197.83525,107.670616,10.873228,201.55873,36.344593,8.745509,195.65405,111.89017,4.9438133,198.12257,39.649334,13.260463,213.26294,93.52977,8.064754,217.18584,10.303032
1.jpg,639.0417,110.89006,-56.895653,646.9797,98.057335,-52.04737,646.71704,96.68613,-52.04743,646.42566,95.14108,-52.045574,645.8842,96.95041,-81.53569,644.8782,95.0102,-81.57605,643.83844,92.91643,-81.54484,633.1071,83.36362,3.9247446,631.69464,83.78838,-128.78612,626.0372,115.05932,-29.66434,624.24927,112.981224,-68.19521,550.89655,89.90366,105.12015,561.7085,112.33137,-177.58086,531.69574,182.59378,128.82059,545.1916,223.80603,-188.45097,536.40186,254.90144,89.74264,551.9092,316.02768,-134.6388,555.03455,259.12613,93.15284,574.46265,322.48865,-167.95209,557.86096,262.05225,60.104324,578.3119,315.6661,-142.49681,550.9406,261.7511,74.65819,570.6111,313.43695,-125.421906,383.81122,134.74712,82.49852,382.15057,147.74857,-82.458176,265.90424,188.99171,144.80684,255.41898,195.51648,-3.748785,164.83604,217.92818,226.57274,140.71585,229.71062,67.96199,142.8041,215.77539,233.5518,111.744965,232.29626,70.24102,186.30417,259.5786,199.19524,168.35678,276.2895,14.590935
105.jpg,639.20746,165.09909,-243.07938,648.4566,152.92978,-227.78139,648.2375,151.54048,-227.85599,647.817,149.85426,-227.90176,647.39075,152.41933,-272.03867,646.4415,150.83981,-272.0619,645.256,149.10843,-272.0755,634.03644,137.32373,-125.89809,631.345,138.97491,-326.94675,626.11664,166.86601,-198.86464,624.182,165.45093,-257.24945,565.37164,137.06819,29.492828,552.80273,160.40274,-392.97437,552.23535,223.1672,81.41571,530.125,253.85046,-459.31152,557.95807,297.0863,-41.105984,528.83685,342.03778,-467.4052,577.27936,303.43262,-55.211113,549.36743,352.6883,-539.0443,577.7642,306.72525,-107.45968,554.2931,348.23538,-517.405,568.29724,306.37872,-67.945984,548.5318,344.94455,-462.40463,392.66818,146.67523,132.89624,382.25595,162.30301,-133.04337,276.04852,177.58612,313.03705,262.9425,180.9283,26.590359,162.44205,182.30821,535.5498,139.01425,188.03773,217.66171,148.41037,170.2655,555.35474,125.28529,177.0042,231.29031,150.16167,216.1094,498.11206,114.12101,232.57684,131.51227
115.jpg,311.37384,133.41911,-28.541447,311.72696,126.36397,-22.189505,311.17245,125.7993,-22.188217,310.51645,125.14081,-22.176954,311.00522,126.30279,-39.819126,310.04745,125.77519,-39.83965,309.0963,125.15958,-39.844425,302.14685,122.481064,16.98211,301.5681,123.38833,-61.685528,305.08746,136.73048,-11.656518,304.42706,136.42717,-34.58412,259.83575,137.63365,78.408066,265.909,145.33598,-98.659424,254.39517,186.94385,85.642044,262.65607,196.72615,-110.686066,257.47794,226.5736,48.910187,265.81894,245.69554,-101.125694,266.90723,226.1632,51.03458,278.22064,248.68686,-125.418106,268.57098,227.53806,30.429012,279.7632,246.06786,-110.17822,264.69504,228.5002,39.124527,274.78787,245.18513,-96.083,176.301,153.53069,56.062008,176.19142,159.58957,-55.97911,107.44665,178.68213,73.127365,107.29394,182.4069,-32.03198,50.167404,208.05394,108.60371,45.610474,212.67566,-4.014014,36.137093,209.56691,110.75387,30.002546,214.1282,-4.6171565,61.446823,233.83484,80.19198,57.037235,238.21912,-49.093513
126.jpg,104.76214,114.68007,-10.973538,100.43133,101.860275,-29.018723,101.60352,100.48824,-29.103018,102.677124,99.00367,-29.097864,100.09106,101.63644,-3.92993,101.175316,100.15153,-3.951807,102.18951,98.487724,-3.950487,117.4816,88.60466,-77.61298,117.67317,88.46897,33.016674,117.410355,116.75251,-25.490738,116.78542,116.6132,6.974348,173.0759,112.581406,-151.91063,199.68364,102.111275,120.01787,177.98943,233.86661,-171.77135,215.8062,217.13676,150.87164,168.25444,332.49484,-154.62029,205.05061,305.6954,132.60712,150.88521,339.26895,-181.00424,189.8794,313.2811,142.99959,148.13223,335.34753,-157.5901,187.13133,315.20593,106.151726,156.63326,334.82895,-145.54213,193.20615,316.0719,116.55737,343.33023,191.62656,-77.56925,346.62125,177.04446,77.34979,490.91394,247.62396,-34.590546,478.8566,235.25237,99.97942,628.81104,281.21408,10.796542,594.21594,267.89642,170.20381,654.9464,279.7166,13.033873,623.22327,265.59625,175.48343,607.6041,328.07715,-58.268238,588.14056,307.81348,127.052475
127.jpg,536.22015,991.2707,-1.6736802,540.9203,979.2672,13.890858,539.9611,977.8005,13.863726,538.967,976.1539,13.842734,540.2634,979.612,-21.353317,538.91345,978.58856,-21.44698,537.50684,977.38184,-21.478754,525.42334,965.767,88.38873,524.42645,967.23444,-69.36593,523.0032,991.6641,29.883318,522.29175,991.5474,-16.870409,462.6556,973.31433,202.5056,472.94574,979.7763,-163.99294,471.10526,1058.1453,239.21684,484.1308,1064.0504,-246.65126,475.8371,1131.8544,138.10269,495.0628,1147.9944,-255.91647,492.79266,1135.7821,145.67433,519.2594,1158.3824,-306.12506,495.56305,1138.6431,98.974754,521.69293,1155.6844,-262.67838,487.18716,1138.0504,115.950584,510.3045,1152.3768,-240.3935,290.77957,953.39624,119.246574,288.7915,962.47906,-118.81954,174.13026,1029.6635,117.13721,169.17635,1037.0985,-89.03626,84.34405,1103.9618,184.31996,73.498024,1113.925,-69.534584,64.74606,1111.4105,186.95581,55.210213,1121.4813,-74.38265,113.64152,1142.9515,122.3696,107.56894,1151.8984,-159.03152
128.jpg,28.783037,68.89648,-10.546463,23.907217,62.857998,-24.495995,24.137136,61.913578,-24.513363,24.30642,60.90977,-24.482628,23.838596,62.814873,-1.6961673,24.029215,61.847305,-1.722449,24.132288,60.783382,-1.7180418,29.594927,52.767517,-59.445812,29.331179,53.223526,41.893753,36.58255,67.84022,-21.672102,36.67725,68.09321,7.968199,62.769688,63.292385,-116.91507,69.826645,52.52277,103.17339,60.22695,121.23304,-167.02,66.86844,112.40535,118.96016,56.389015,177.89108,-173.88438,63.502094,161.8139,67.867584,42.491806,181.45389,-203.4379,51.438034,161.44997,70.19615,40.89895,177.2003,-183.36252,49.52346,163.33731,41.37743,46.60298,176.19513,-167.0966,53.879692,164.6403,54.02006,154.35866,91.79295,-69.50638,155.65204,81.931404,69.487114,223.56728,126.83042,-74.88556,222.89557,123.44846,73.078964,300.6788,154.9459,-45.50402,297.0718,152.99913,101.33058,315.0644,150.66914,-44.696064,310.99985,150.2769,101.73352,303.74887,187.3272,-94.858734,301.93036,183.69899,52.70139
129.jpg,617.88873,183.27289,-235.47865,621.05994,173.66121,-221.8572,621.31775,173.60835,-221.86562,621.4662,173.4417,-221.91573,617.8601,171.11205,-251.77586,615.65564,169.20697,-251.78374,613.077,167.13913,-251.75049,609.947,168.87068,-139.09013,597.80676,160.7901,-274.32242,609.5989,188.86862,-201.84001,605.0735,186.0732,-240.81653,568.8231,210.89995,-27.480886,535.4003,189.54175,-311.42737,547.874,274.2033,61.057423,498.92953,261.70422,-325.429,535.17914,330.59586,19.849384,500.3182,338.53433,-319.8257,537.46747,347.45157,11.356839,508.28757,352.6853,-361.03333,539.61914,349.4421,-23.500395,515.03015,350.7917,-357.12958,535.9563,344.4383,3.0939255,513.18427,346.27872,-318.7087,435.5109,261.13336,75.95725,420.3255,238.15913,-76.02817,364.58875,294.50018,228.39551,333.514,250.82729,75.22028,287.33932,321.35147,396.24237,254.48589,256.62036,275.40878,273.83,320.22318,411.46985,243.4195,254.32822,293.34546,278.56564,349.5976,363.01288,235.11066,281.2345,221.34927
132.jpg,107.21009,171.18526,-6.3852563,92.62676,153.55328,-40.588524,93.415085,150.62526,-40.628838,94.3728,147.30814,-40.6229,92.05703,154.42989,11.411746,92.303986,152.18999,11.428551,92.65229,149.42421,11.46101,114.05951,124.50272,-117.93829,111.47721,126.83213,108.29488,126.758835,169.8583,-28.982817,127.11097,172.3701,37.58171,227.12094,157.00798,-239.49483,242.34445,144.5001,267.40656,241.5912,328.35324,-275.72858,261.91718,317.42673,293.2928,226.25363,489.03296,-258.04883,244.38095,455.50708,200.39485,195.97258,505.88834,-313.3044,221.0944,465.78226,199.70604,187.26865,497.87357,-273.82968,216.14326,470.59683,141.08875,200.59271,493.39377,-243.06381,226.77176,470.7316,170.82259,496.2701,249.50111,-148.63327,505.97507,230.25241,148.54239,724.2022,330.1785,-124.24153,725.9763,325.61063,136.6269,944.6461,400.93344,-59.227398,943.1935,395.2886,206.5578,953.2871,387.5208,-59.065845,952.2051,384.2745,207.46239,912.4336,476.1134,-192.09796,911.7644,470.16678,70.47774
143.jpg,93.49696,128.3372,-14.087338,88.90388,117.73298,-28.081263,89.512436,116.97388,-28.167522,89.996445,116.25545,-28.19636,88.96531,117.68427,-6.254806,89.71558,116.857086,-6.2584453,90.34976,116.05313,-6.2541804,100.420166,111.34245,-60.788883,100.45232,111.47361,34.135117,102.83945,131.23177,-23.82148,103.702515,131.53853,4.2523885,148.86728,125.89339,-113.63501,162.35315,125.15583,101.26027,160.49434,206.94513,-133.25752,172.56937,197.65987,122.41624,152.56683,288.56808,-139.2329,168.45895,269.6136,89.10873,131.96489,296.2134,-167.94373,155.16455,269.58386,93.14165,128.15016,293.0358,-146.94432,153.00446,270.49246,61.872375,136.19557,291.40027,-131.61098,159.51166,272.81772,74.52159,279.60422,169.71307,-58.893497,273.01117,169.00655,58.92977,383.68182,213.80554,-51.986248,376.94235,210.65753,54.790035,481.97226,241.81917,-31.618883,465.06534,234.3261,88.34532,503.43387,240.46709,-32.604042,483.86557,232.2418,89.92259,469.81927,279.7708,-91.44777,460.6416,272.30563,39.26066
15.jpg,574.993,198.48163,-28.10889,584.1313,190.0494,-15.198965,584.4475,188.9231,-15.228408,584.83575,187.60716,-15.221308,583.84406,188.19203,-54.77209,583.8486,186.08943,-54.81404,583.8532,183.79475,-54.898148,579.1509,173.90529,60.54782,577.80206,170.64548,-118.30834,565.56085,197.22403,5.0430174,563.71204,194.8459,-46.871235,514.1228,164.7998,180.24533,520.4392,172.62209,-204.53468,506.92947,248.40108,204.23108,517.04266,254.79347,-266.82217,524.5544,323.766,93.02363,529.6059,332.96103,-236.8769,544.09955,326.7802,87.99799,550.7241,339.65054,-275.2396,547.3451,327.01105,53.90969,553.53094,335.55875,-254.05428,539.7351,327.44485,73.53957,545.43646,334.01553,-228.18054,356.53336,213.24818,117.28085,358.85056,223.80557,-117.2416,245.91847,262.6211,147.96115,246.9584,269.94846,-83.94934,141.19875,292.91022,228.5932,130.53757,307.06384,-24.831055,117.2948,287.24838,232.2559,109.083664,300.5036,-24.044628,142.49269,330.2787,173.32521,125.67335,343.26053,-107.07292
160.jpg,264.60913,216.77988,31.836744,264.8671,212.07385,39.661846,264.27673,211.76303,39.664165,263.66223,211.40013,39.680416,265.0552,212.05673,25.205976,264.69077,211.80576,25.185595,264.29428,211.53906,25.170408,258.04837,209.42061,75.03961,259.10352,210.39275,10.336214,260.1672,219.07716,45.969936,260.17825,218.72987,26.997448,229.40129,220.66751,123.5512,241.70424,224.35287,-38.035126,221.45818,253.52051,130.85175,233.85706,258.94135,-61.673172,219.43391,284.05374,98.937805,231.49956,293.41525,-65.29734,226.43324,284.00848,101.20619,241.12517,296.15802,-84.44312,227.94397,284.63922,84.75634,241.73868,294.2261,-69.01536,224.35632,285.20734,90.85073,237.54883,293.41565,-59.995518,175.4389,229.4248,49.80138,180.35976,233.06184,-49.750343,126.46802,256.86288,30.48203,126.49373,257.1464,-57.011795,80.06658,280.34256,38.64261,75.90907,281.5962,-61.85939,70.25889,280.45743,38.26673,65.603516,281.71255,-64.383606,83.360275,298.497,10.197755,79.5627,301.14703,-103.28798
178.jpg,406.5665,157.11307,13.4812565,413.3984,149.76416,20.606375,413.14023,148.8496,20.622822,412.86435,147.8272,20.65063,413.52463,148.95715,0.30450532,413.40125,147.74274,0.28147182,413.28238,146.46608,0.28502974,405.41214,137.31335,69.9912,407.0342,138.69283,-21.076078,396.9476,156.77318,35.568184,397.33133,155.99786,8.838363,344.52277,137.73236,147.32642,371.57596,152.08669,-76.389336,327.53293,199.60596,163.94556,372.25662,226.76909,-92.16868,325.9192,262.08197,131.68088,365.42267,293.57062,-77.5856,336.68027,264.759,136.75493,380.9515,298.65256,-100.040764,339.843,266.15048,112.173454,379.26077,294.29254,-77.29288,337.01923,267.05698,120.50838,370.39044,290.31802,-68.38379,236.66515,178.27509,62.367138,244.9953,188.10545,-62.35458,139.48,217.33894,60.509785,140.62727,219.81828,-61.98255,41.370712,250.39587,79.88378,31.812542,255.92078,-64.17747,18.523603,250.87636,79.267044,10.904333,255.15182,-67.4529,49.593735,286.82553,37.235214,39.158348,293.94818,-126.02002
2.jpg,1079.9106,208.5024,-431.5665,1085.6268,184.03973,-408.39096,1084.9026,183.01826,-408.44244,1084.0549,181.99149,-408.56552,1079.6837,183.47318,-464.8303,1075.0881,181.6388,-465.04456,1070.189,179.30095,-465.0507,1048.4639,171.55098,-260.55533,1034.5276,166.1373,-514.59924,1059.3262,222.64102,-369.4488,1053.3082,220.36874,-442.6009,953.57056,230.75757,-84.00115,871.6638,260.01743,-564.77734,933.05005,389.79944,-5.4576063,863.0347,457.96686,-583.47327,954.8511,524.2413,-113.89726,892.48785,627.63525,-612.0229,994.60486,535.58575,-143.17961,929.2248,647.80457,-719.89294,994.1995,541.70856,-218.80281,943.5629,634.1876,-694.28107,973.84973,538.66797,-148.53307,931.74634,627.70435,-609.92175,652.0615,345.29825,140.52672,594.6297,363.12094,-140.2661,507.94037,395.028,481.40488,429.61548,406.50098,177.16325,362.20215,433.5209,791.04974,264.32767,456.32382,447.19363,330.4986,427.75223,821.4409,228.08769,444.1788,466.1534,362.01715,484.90887,806.99805,257.63007,528.1897,377.49292
202.jpg,37.431755,148.10599,-16.546059,34.91045,142.723,-27.600473,35.188473,142.19118,-27.627426,35.514988,141.59204,-27.623056,34.944874,142.49876,-9.6273155,35.25722,141.818,-9.624021,35.636745,141.05215,-9.601822,41.82256,136.80592,-50.095352,41.864513,135.92673,29.124388,42.992237,149.42766,-23.178846,43.176907,149.22502,0.064795904,74.63571,152.35266,-95.69465,81.760216,143.95251,87.981735,81.93014,199.67474,-116.6941,87.12512,186.64651,84.05246,84.11061,244.20685,-106.509186,88.54274,225.07109,40.815987,75.16664,247.47054,-130.00883,80.53631,225.73967,44.024006,73.21348,244.96399,-112.79041,79.59411,226.7695,21.144598,76.812744,243.70358,-100.48793,82.825386,227.92055,30.095827,154.89818,168.92642,-57.987354,156.18803,161.18265,57.995018,220.2696,189.19131,-49.944897,221.34576,186.36536,67.85154,280.77744,217.39381,-25.921139,278.3735,214.4602,98.51924,293.4568,218.67857,-26.364845,291.8839,215.84184,99.8645,267.50266,237.65024,-68.89897,267.03052,235.11905,64.057205
21.jpg,440.33252,111.70908,-35.749954,440.71365,102.104866,-29.122856,440.0729,101.82058,-29.126875,439.2946,101.51282,-29.14174,439.75458,101.07357,-46.74228,438.55753,100.290985,-46.736107,437.13718,99.50161,-46.72929,427.04868,99.379745,17.893852,425.1367,98.306465,-60.606495,432.38678,119.33723,-15.394599,431.51743,117.515366,-38.240826,372.19025,128.68431,87.87604,386.60632,131.9542,-104.505424,362.83252,199.97348,99.98296,384.43607,209.36592,-108.36889,371.24347,263.63385,83.07773,397.1693,280.50647,-102.141716,383.41098,263.9174,86.18169,416.0208,285.4616,-130.20413,386.56915,265.88992,60.330315,416.6241,283.27798,-109.46613,382.29196,267.3872,71.614456,409.06274,282.15308,-95.50345,258.8079,175.35448,49.833256,261.17957,173.61111,-49.82039,158.40678,220.81433,51.85454,153.91525,211.51892,-47.710274,61.719677,257.86508,72.789604,57.800472,255.33022,-25.415684,44.27516,262.133,72.57029,38.38032,255.00957,-26.698065,58.296963,273.3139,27.701899,53.371403,274.3995,-83.89669
233.jpg,233.52333,398.14642,-557.60583,204.66693,369.06207,-635.4256,207.4518,364.79736,-635.57983,210.70084,360.21915,-635.7249,199.84239,368.91043,-544.64557,199.22624,364.51364,-544.8126,199.01305,359.53888,-544.9344,252.29845,309.82654,-784.8942,239.56712,309.03018,-386.8423,285.09412,390.89868,-593.50085,281.4278,390.10187,-476.42505,571.2109,354.08722,-828.89166,432.14407,305.05115,-79.44315,647.95325,692.6875,-830.87494,468.82022,549.08765,194.34293,672.8863,1024.6232,-812.65137,469.4466,798.87476,224.26622,630.4847,1072.7534,-945.33606,403.12054,825.6827,237.82173,608.13513,1060.9912,-894.54114,405.76498,832.5826,119.43754,623.791,1041.8961,-797.384,441.17914,827.12476,179.14447,1054.29,359.51907,-204.80302,988.79517,329.3304,204.24069,1410.7924,452.50217,116.13064,1336.2737,431.78717,476.00165,1718.9391,542.50977,419.76834,1608.3329,491.72086,791.82135,1789.2402,529.5237,437.17633,1668.6619,473.72217,824.59625,1697.5038,703.59937,294.5606,1606.9354,647.8326,756.0391
246.jpg,82.38652,204.48627,18.19053,68.288826,193.63667,-10.28766,68.05089,190.9453,-10.341874,67.7397,188.04619,-10.274226,68.48123,194.8914,29.206408,68.40973,193.23787,29.198992,68.25373,191.23398,29.265207,78.30954,164.37453,-76.194176,78.46811,166.97891,96.36662,99.00716,200.04797,-0.7926663,99.88749,202.18929,50.083054,160.43045,168.81194,-169.27422,195.22186,158.48892,207.7013,143.35797,303.5815,-218.78654,193.76642,281.4732,253.76494,122.27116,429.30365,-219.09924,179.57231,376.76718,195.42035,92.8797,441.72202,-259.34677,155.48825,374.46472,198.51817,88.82525,433.802,-228.00247,152.96452,377.96887,155.40622,102.09779,430.21664,-206.091,159.17308,382.7228,174.52684,369.24356,247.3256,-103.86685,376.34088,234.24051,103.78316,549.59564,300.64047,-99.97056,550.02765,292.92108,77.63586,739.5397,358.0692,-89.67125,708.48004,335.38562,108.28217,771.8751,354.90225,-92.99998,748.7241,339.09692,107.848,725.2915,426.01837,-188.65535,708.56903,412.0522,23.421537
249.jpg,186.89923,195.19453,-3.8771603,168.47197,190.43956,-41.22406,167.20265,187.49005,-41.268143,165.6145,184.41513,-41.24235,169.24875,191.88586,15.783875,168.68443,190.20251,15.816215,167.81625,188.11385,15.834646,163.57608,156.47644,-136.85934,165.35019,161.02515,117.475525,199.49315,182.69182,-33.336323,200.56569,184.45552,41.042423,235.36786,135.6964,-268.7233,254.12154,129.66365,267.59064,250.27429,268.26382,-367.08847,265.2668,253.78119,319.57062,251.64233,391.7143,-349.9152,264.30594,357.03598,194.63579,225.56703,402.1512,-412.23535,236.51154,359.82416,198.39456,217.39767,395.8918,-372.69403,231.95639,363.33755,138.6373,227.28406,393.63593,-334.54886,243.38733,363.49493,164.63368,453.844,182.8498,-158.27621,453.2298,182.3108,158.43336,620.9497,260.30872,-173.4221,618.1205,256.59,157.97357,807.86615,321.68314,-124.66163,793.6553,314.61935,207.66898,841.61475,307.8416,-124.08144,821.44836,302.2684,207.86624,835.0563,396.231,-229.08917,816.2475,383.58362,98.62977
25.jpg,97.25063,294.66794,-53.455338,88.88251,282.49124,-76.86278,89.476715,280.89667,-76.92461,90.2242,279.11728,-76.91269,88.413284,282.55936,-36.59228,88.61145,281.00302,-36.597237,88.913605,279.22876,-36.55453,103.88929,263.76556,-125.97866,102.32261,264.64325,51.4049,112.73552,294.96628,-68.4576,111.78617,294.6056,-16.39383,182.23041,290.84686,-226.7938,194.95226,271.34262,182.89484,215.06067,397.87326,-276.35178,225.13431,376.11844,179.03392,234.88593,497.45212,-259.59872,243.39291,465.35065,70.903275,208.76529,505.1245,-310.58057,223.4809,466.70343,71.92495,205.65489,498.4952,-278.25558,220.60414,469.13406,20.91884,215.67621,495.8784,-248.35587,230.61293,470.6142,45.95051,370.0584,336.77664,-131.48842,370.39874,321.15036,131.48555,511.25787,377.8629,-123.15403,508.84814,375.56516,149.63712,647.2511,426.45438,-65.56221,633.6564,423.3537,212.99982,675.83875,425.03177,-66.38713,665.96783,423.29193,214.80849,642.229,483.24567,-166.6824,632.2791,475.76883,131.44739
252.jpg,248.35542,72.753136,-1.1849384,252.5494,67.730804,1.5263015,252.4317,67.10109,1.5283842,252.31004,66.38272,1.5337553,252.61525,67.41369,-10.157141,252.52957,66.63376,-10.163054,252.43533,65.70586,-10.1614895,247.83032,60.061726,26.291485,248.34749,60.723953,-26.474237,242.73541,73.104996,10.350154,242.76065,72.5214,-5.1098742,211.2561,62.71122,68.37633,223.09521,69.957214,-54.002586,209.24548,102.77875,76.59469,221.19667,114.73678,-65.76725,210.40376,135.89624,55.090237,223.35284,152.20288,-53.301952,218.413,135.18259,56.40925,232.88,154.93799,-67.06202,219.97253,136.43193,42.598713,234.3989,153.67946,-55.20224,217.51924,137.94476,48.57892,230.13936,152.64185,-48.685955,143.82419,81.73103,33.194073,147.82588,88.349556,-33.179253,93.64539,109.98422,40.079998,95.552185,113.26978,-23.97078,37.74899,127.383354,58.298985,35.92506,129.5777,-9.886098,24.69357,127.75983,58.71405,22.778946,129.9846,-10.5112915,40.176506,145.6458,34.68267,38.796078,147.7232,-41.381554
262.jpg,1192.3993,268.05988,-141.43713,1201.0712,243.51372,-126.323845,1200.199,241.4937,-126.42135,1199.037,239.13863,-126.51456,1198.8588,241.12979,-183.3731,1196.7023,237.88348,-183.46277,1194.1763,234.17569,-183.5127,1170.7338,221.2074,-8.20978,1165.9297,217.89429,-261.76227,1167.1599,276.3741,-87.49843,1164.6011,273.22546,-161.10278,1016.65717,259.11835,192.77199,1018.7503,272.76547,-360.5324,952.9059,445.91327,234.31033,959.16565,479.439,-385.2797,953.2291,600.44946,149.43811,958.4658,674.38165,-343.5589,986.8751,600.5115,150.57043,1000.26556,688.2027,-421.20953,992.1288,605.85944,82.30117,1008.30994,679.77673,-373.3791,976.79535,610.3055,117.32985,991.4576,676.1411,-328.05783,700.2621,349.5836,156.17729,694.21045,362.43777,-156.08504,442.8152,436.86414,230.07095,428.15094,442.92477,-89.99641,209.07932,501.76804,351.58124,175.84714,514.28375,8.842296,152.50806,506.1471,358.57336,121.88526,515.76874,5.8651905,234.82101,593.20135,265.2326,199.64145,610.2701,-149.71252
289.jpg,52.47814,154.15082,6.0912824,52.167248,147.23613,-8.922447,52.795998,146.77252,-8.967832,53.35984,146.32994,-8.965137,52.44215,146.86795,12.821928,53.254467,146.18077,12.818882,54.04525,145.47168,12.805578,62.251,143.53468,-43.647346,64.12947,141.79527,51.816086,60.76149,157.01595,-4.1917863,61.528816,156.78094,23.710154,94.72292,164.43616,-103.7002,109.984726,155.37096,114.944916,89.346954,220.38824,-136.64706,107.76246,212.62361,119.206795,81.33028,278.37103,-144.37009,96.6609,265.71857,71.03581,66.59882,282.5567,-174.97581,84.79333,265.9784,73.79853,64.66996,280.27872,-157.78659,82.9114,267.21323,44.31343,71.19898,279.44095,-138.6899,88.06631,268.2584,57.217293,206.1976,192.93204,-69.2747,207.31416,185.23267,69.29765,294.2284,223.78084,-63.073593,292.6059,218.15588,70.28329,381.55658,244.66522,-38.733284,375.9073,240.50821,102.27459,398.76352,244.54285,-39.310112,395.9021,242.86171,103.88589,365.24243,276.4288,-92.63792,362.28314,274.13446,56.689514
291.jpg,119.7101,184.92119,-9.778765,116.19796,182.03624,-19.619455,116.34468,181.83266,-19.635427,116.48681,181.62753,-19.62368,116.572784,181.72417,-3.5125213,116.98742,181.37714,-3.5294375,117.407715,180.99466,-3.5382895,122.17811,180.9595,-43.09579,122.897125,179.7095,28.163849,125.70886,186.19171,-17.219637,126.64792,186.132,3.714991,149.18517,188.593,-86.07964,155.19589,184.48903,74.5695,150.5559,232.65999,-116.10328,155.6134,227.41727,73.94854,152.6065,269.6458,-120.54541,156.62325,264.35434,31.731405,143.72835,274.18488,-144.48161,148.70575,265.17172,35.065193,142.65791,271.51712,-128.32259,147.62854,265.90665,12.942751,145.91533,270.21588,-115.27779,150.96942,265.99567,21.369562,223.9925,202.17723,-52.510918,224.4057,197.88136,52.541664,276.10538,227.17888,-47.63062,276.07193,225.16263,58.42532,332.20682,249.83284,-22.149961,329.6128,247.43356,84.710434,343.8042,250.7816,-22.054518,340.47882,248.64886,85.83259,323.13065,272.71814,-61.233845,320.90555,268.97327,48.339127
299.jpg,139.80182,119.94639,-288.84222,136.93625,104.9501,-315.37915,138.80434,103.26224,-315.43304,140.83813,101.16406,-315.4586,134.69095,105.68088,-269.86047,134.97668,104.53483,-269.92355,135.55923,103.05951,-269.94583,158.12885,90.60613,-358.23355,152.21289,92.340324,-157.27254,156.34653,123.541435,-298.7727,154.02083,124.38717,-240.28014,251.72008,144.23582,-429.32877,210.4525,135.33987,1.7414813,245.93141,263.26868,-475.115,203.19731,233.43005,50.05927,228.31502,367.9084,-502.9654,187.22165,325.79956,-39.22827,207.02393,375.20792,-577.19855,166.4125,333.24826,-42.737675,200.65872,370.71777,-553.1131,169.72302,337.87735,-100.7722,208.1634,367.76486,-497.46613,180.83577,337.43845,-66.35763,425.65164,194.26985,-131.87956,405.3528,188.23203,131.74756,552.4368,246.24138,4.6920843,533.3903,237.9098,309.246,674.5961,287.89746,158.33902,639.91364,276.68896,531.7275,708.4806,285.58527,168.11253,662.632,279.66144,553.8736,657.30505,335.82574,72.792816,632.2955,323.6187,512.58453
3.jpg,459.6838,113.81872,-407.2294,464.6641,104.92685,-392.44382,465.41174,104.5902,-392.4532,466.24426,104.14864,-392.54218,461.22513,102.798065,-421.6662,459.1952,100.808716,-421.7237,456.7683,98.56851,-421.71753,457.45023,96.420166,-291.47736,444.72742,89.90672,-424.49585,453.22583,118.39044,-365.20667,449.2999,116.3702,-403.71613,434.64496,130.55338,-164.13052,380.44464,108.39765,-442.8858,423.32498,201.73006,-118.952194,357.60318,197.47342,-501.00244,426.4962,270.26895,-221.42224,347.342,281.8578,-553.6228,441.03018,278.5027,-251.50356,359.4522,291.78784,-618.5784,439.60522,279.61188,-291.04303,366.13522,289.61966,-613.756,432.16324,277.65234,-242.15063,364.71753,287.3733,-555.74084,298.6446,171.2405,89.97835,278.37466,157.64388,-90.171745,235.80206,202.03413,355.79312,199.81712,194.77237,52.39,176.56552,210.77222,639.92053,120.88372,209.71849,212.92365,158.38713,207.2568,667.92847,102.20761,207.19675,225.42377,176.98283,245.34721,639.39044,115.91695,251.10423,141.60162
30.jpg,540.5047,183.76541,-38.152176,545.5622,173.26135,-32.115627,545.0426,171.92244,-32.086483,544.4735,170.43542,-32.052742,545.2936,173.33638,-58.625946,544.6457,172.20949,-58.670822,543.9144,170.9535,-58.65638,532.82715,161.24585,23.009033,533.1758,163.92792,-96.409546,529.2074,186.56784,-12.171898,528.83545,185.44832,-46.875046,460.0755,174.16685,117.91191,475.61792,192.7943,-145.24997,452.8903,251.67975,128.5227,470.617,282.43314,-159.09932,463.6208,312.95364,70.547195,480.96838,358.95016,-118.49125,477.84726,308.3669,71.03642,500.45514,363.35693,-149.64952,480.4159,309.97174,41.726715,503.03268,357.32938,-126.15346,475.5292,312.3303,56.68867,495.43808,355.94885,-109.599236,327.2423,217.8055,82.078766,329.16867,236.70624,-82.07071,217.45384,259.8145,125.14078,214.10683,281.06955,-38.229897,122.606064,296.73618,192.15509,105.4265,323.1197,9.748896,106.61821,294.48944,197.11357,83.35593,321.87173,10.1422415,133.61313,337.51328,162.78229,120.08757,364.9064,-48.413803
31.jpg,270.52103,80.65103,-35.686672,272.68155,74.56342,-32.937653,272.36942,73.92014,-32.93663,271.90964,73.24543,-32.933247,272.11847,74.74572,-46.616596,271.56583,74.26228,-46.633286,270.881,73.76948,-46.61843,264.00174,69.185425,-4.8653703,263.97623,70.68923,-65.89576,264.85443,82.78001,-22.223658,264.472,82.43814,-39.877686,227.88116,75.84938,44.57598,231.69347,86.08341,-88.21951,223.51894,119.148056,49.945236,227.91843,136.09222,-97.39475,227.83665,153.74152,23.822954,228.53397,178.1609,-80.25974,234.8667,153.86612,23.560793,239.66292,182.214,-98.46585,236.60631,155.09186,8.225316,241.66887,179.61696,-86.992615,233.45004,155.75568,16.486078,237.55254,178.52246,-76.524574,153.70877,100.92844,42.160503,152.33289,110.08414,-42.183933,94.94271,122.15471,71.83774,91.96398,130.85497,-8.458744,46.343826,136.1986,113.10243,36.901085,149.92998,23.40926,37.003124,134.80547,116.53935,26.55104,148.67473,24.110325,49.120422,157.78688,101.08915,42.737186,172.33588,-4.1591897
325.jpg,158.18706,167.46019,15.295309,156.30087,162.77527,4.550091,156.72446,162.21184,4.543439,157.22072,161.60281,4.5657773,156.67726,162.68388,21.53998,157.31143,162.02594,21.522665,158.04517,161.26299,21.518766,163.64488,156.99324,-22.82507,164.79988,156.38252,52.219734,164.03073,167.86038,6.618419,164.8963,167.67584,28.588707,185.65129,171.72493,-72.94509,200.46965,163.8542,100.02548,187.15318,215.70808,-97.17172,199.56718,209.57565,108.95898,184.85017,256.74008,-90.366776,201.47118,250.09747,78.59954,175.01352,259.73822,-111.81521,192.4885,250.96754,84.17125,173.74054,257.2652,-95.5539,192.8583,252.37459,62.31855,179.37077,257.1756,-84.37885,196.34225,252.68701,68.87276,266.4264,186.33765,-54.88369,269.93076,179.57,54.888943,327.92404,215.0386,-54.654858,327.65265,212.8107,56.993347,387.93402,240.49777,-37.479774,382.42245,237.20859,75.54377,398.88242,241.47124,-37.114986,394.32422,238.62415,76.124115,387.3092,262.94977,-72.24807,382.79843,257.32446,41.419796
356.jpg,214.00388,113.95014,-15.721553,217.93765,108.752556,-12.710425,217.8846,107.97833,-12.730967,217.78506,107.130394,-12.750906,217.75702,108.27383,-25.837072,217.5499,107.28768,-25.842398,217.25624,106.2114,-25.84637,212.68459,99.81895,14.074063,212.02106,99.661095,-44.76325,207.69038,112.75058,-3.3294435,207.42839,111.852425,-20.521664,172.54218,100.082504,58.06018,179.18903,106.617424,-70.48563,168.60872,145.4801,65.301994,175.4152,155.91138,-88.839584,171.02904,180.00722,38.650867,181.49673,200.05048,-75.140854,179.2626,180.22777,38.84706,190.53462,202.40485,-89.2087,181.32312,180.91833,27.504362,191.12564,198.88069,-76.70182,177.93361,182.48987,32.94222,187.72603,198.23619,-70.32064,94.17059,120.0187,33.5971,96.05572,125.37757,-33.541573,39.981285,147.95361,56.50299,37.175114,149.3515,-10.514023,-0.7384875,155.19862,99.230385,-17.643654,156.51028,25.86009,-24.252102,153.1436,102.45017,-28.105604,152.85338,28.459301,-2.203787,173.14803,80.4396,-18.52558,177.98189,2.6559644
36.jpg,174.07082,265.61313,80.21163,166.04688,256.85095,62.27669,165.90399,255.41089,62.229527,165.81076,253.81827,62.261955,166.92453,256.6248,92.010895,167.4442,255.14339,91.98532,167.97137,253.50717,91.961136,171.90245,241.0244,12.52497,173.86526,241.39722,143.89713,181.71912,264.8999,64.92984,183.26021,264.932,103.02783,208.00311,241.33693,-81.40982,238.22919,234.14174,224.56593,210.77313,323.31937,-115.10415,267.58014,309.68155,267.23495,201.70589,399.22357,-66.870705,272.42972,374.58054,221.7178,188.03185,400.76758,-87.43727,256.36105,377.9048,226.10045,187.3124,396.03754,-71.88648,253.2855,379.2695,198.2338,193.87636,397.29184,-58.331703,256.22955,380.1622,208.1033,346.03897,273.0216,-92.36416,359.65112,263.88474,92.201324,461.337,292.4998,-133.41136,466.55307,290.22797,82.84331,586.3941,312.72375,-138.34068,583.6166,309.05554,75.82415,613.76746,303.05685,-139.61359,610.33105,299.12836,73.8933,597.74884,360.2967,-200.81795,589.22375,353.85648,27.487337
39.jpg,460.20602,90.25974,-49.239803,460.10245,78.61241,-41.812496,459.19366,77.83018,-41.809387,458.24252,76.89933,-41.81971,458.99246,78.32627,-64.5487,457.6011,77.490105,-64.55422,456.21783,76.528046,-64.52615,445.01456,73.3979,9.298135,444.375,74.32032,-91.96392,449.49268,96.46523,-26.848791,448.40576,95.77351,-56.349613,376.14374,100.49626,89.61196,385.7307,110.00801,-138.37868,366.40363,179.38585,97.469536,380.77045,192.67703,-149.75084,374.2515,245.17754,58.671955,387.75412,273.60922,-138.43492,389.37122,244.30078,60.219513,408.3958,277.48096,-174.14505,391.87497,246.45502,30.71685,410.15866,274.13815,-151.69022,385.8637,248.07697,44.952496,402.06897,272.8868,-131.83089,241.96527,125.7821,67.57173,242.67955,133.27994,-67.43478,130.55309,162.34538,93.606926,131.32648,168.1036,-26.49965,41.389404,211.66318,140.93802,31.248554,218.4487,14.899588,18.997091,213.58966,143.79706,9.178827,219.09636,14.279308,60.502064,250.83258,97.67541,53.96735,257.1337,-48.030586
448.jpg,38.188366,67.60672,-5.1494536,36.818798,64.48008,-11.713983,37.080395,64.252396,-11.728952,37.41051,63.984158,-11.715316,37.04371,64.30635,-1.619311,37.407833,63.964367,-1.6269292,37.820625,63.58024,-1.6152982,42.173954,62.277714,-25.937828,42.34724,61.757774,18.720297,41.896416,68.77354,-9.254375,42.3228,68.57596,3.8407102,59.6982,69.296326,-51.078823,66.58366,66.149635,50.50181,58.242878,99.49122,-63.04669,67.21261,92.7587,57.643993,58.30806,122.58102,-62.16386,64.45983,115.42072,39.77561,54.60534,124.736244,-74.71743,61.502815,116.00227,41.850033,53.533367,123.86689,-66.10557,61.51265,116.938095,28.97443,55.738503,123.62785,-59.087067,63.085644,117.11534,33.873234,115.37306,82.51893,-32.37216,114.6709,78.505135,32.3344,157.8125,94.992516,-24.075148,154.03305,91.87216,41.9143,196.72276,106.678055,-14.895669,187.05775,97.30982,63.431282,202.40489,105.18806,-15.148988,193.71642,94.887184,64.94918,197.46004,118.570625,-40.98416,191.23685,110.21184,49.29843
45.jpg,633.9505,308.47525,-23.065563,644.5061,299.90167,-8.55005,644.49445,299.02936,-8.635993,643.8434,298.37708,-8.681527,644.11334,298.14667,-52.713955,643.74677,296.12628,-52.7267,642.8233,294.2433,-52.802002,636.78314,285.38895,73.740456,634.881,281.93164,-127.175995,622.0706,307.83124,12.673778,621.9345,305.05783,-45.819275,570.19696,287.74573,186.00702,576.742,269.7219,-209.26674,550.365,360.91168,243.2972,561.29926,359.9991,-300.34726,564.53046,433.89343,151.23843,581.15466,451.89432,-323.2939,575.8986,444.12625,147.52522,590.6498,469.68027,-370.95563,579.4741,446.59604,106.77214,598.18353,465.6766,-347.53128,574.14124,444.76813,130.26329,593.2414,461.5525,-314.95584,412.48773,312.88208,121.592224,409.41745,306.23187,-121.47921,298.77228,369.63943,132.06337,287.21814,370.95435,-150.46744,185.50029,403.1708,195.64615,157.99924,423.6571,-166.23425,157.50792,403.82474,197.84546,135.32643,416.33374,-174.78174,174.89569,453.5439,139.13943,159.22658,478.9326,-277.29932
471.jpg,88.619286,89.936966,56.12682,86.68894,76.780846,29.356207,87.67421,75.881355,29.260738,88.80518,74.97096,29.267523,87.638016,76.51465,62.7578,89.36203,75.41287,62.747513,91.31596,74.15666,62.74962,102.7012,72.207245,-29.461834,107.613976,68.56927,114.90258,98.32738,95.31077,40.20028,100.04627,94.840515,82.47927,150.30498,110.79497,-118.347084,187.61235,85.11983,230.84143,176.49936,227.5426,-95.83945,226.01173,182.64333,274.08084,193.67514,316.0754,-29.098574,237.60313,267.76804,245.42133,170.35056,323.63727,-52.25023,212.99408,269.68298,256.61072,169.24832,315.59744,-35.587143,209.61856,271.58072,219.9273,178.3178,313.41248,-19.161697,217.47441,273.98285,229.843,353.79306,164.5111,-105.29867,363.64053,143.9914,105.15744,497.13382,237.50497,-134.90474,494.01,212.78333,118.20167,661.1087,260.04422,-178.73944,639.4216,225.56532,119.15089,697.707,252.98798,-184.61603,680.2972,221.87535,118.19644,649.4152,328.01807,-248.7655,637.26715,281.44754,87.88219
480.jpg,89.80748,152.83235,-39.651573,86.79014,142.70543,-55.324715,88.04321,141.35158,-55.368477,89.32575,139.75009,-55.370277,86.03342,143.60022,-31.188046,86.69742,142.9353,-31.178402,87.36741,141.92601,-31.116783,102.647354,133.37045,-83.293526,100.50485,134.01768,22.211689,102.685555,156.22589,-46.99575,101.9624,156.96733,-15.695582,154.29259,161.84291,-131.8174,163.96051,151.879,103.37204,158.74702,248.3641,-140.05893,170.04898,228.0075,115.322655,158.11678,312.98227,-125.09207,167.2878,290.11584,75.525734,140.49484,316.71667,-157.43552,151.764,291.71872,82.93349,138.9508,311.5913,-130.5449,150.41438,293.27747,49.873158,146.28783,310.09976,-115.99894,156.55385,293.6849,60.876015,297.23557,194.23647,-70.46853,295.49918,188.2096,70.47208,403.81476,236.25409,-52.75635,403.1418,230.94257,77.64089,501.18646,272.82108,-17.02158,492.34183,264.07956,119.77327,519.7434,271.12625,-16.13159,510.5921,262.75623,121.647285,505.73523,313.11768,-71.39633,500.14706,302.93784,65.87161
56.jpg,76.81497,115.34711,-30.178402,70.31239,104.31423,-50.562214,71.170044,102.546875,-50.610054,72.11739,100.62053,-50.620663,69.70257,104.75461,-16.920227,70.07166,103.43168,-16.8865,70.50507,102.004105,-16.847443,85.057175,88.404434,-93.642624,81.72061,90.37952,53.53518,89.34826,116.47649,-43.3556,88.79557,117.078285,0.011105718,155.09604,95.0435,-169.94966,161.03392,104.0755,156.06226,171.28664,192.08899,-208.40419,178.71135,189.25914,174.24419,169.3438,279.2551,-206.59016,178.43607,265.65857,93.88893,150.27441,288.92484,-249.91165,160.29788,270.3936,94.73879,145.21179,282.84714,-221.13495,156.92244,271.18707,50.57667,152.36957,280.3724,-196.66891,164.3346,270.43774,72.2303,319.2912,127.93176,-97.080765,314.47626,141.5226,97.12089,444.7499,180.46962,-91.8486,437.03604,186.14583,97.20039,576.4401,229.29825,-58.768,559.6051,222.82259,142.33148,595.66547,226.06757,-61.184193,586.1031,223.50203,143.21666,579.78656,286.89777,-153.6713,566.27325,278.87103,62.505993
6.jpg,73.7897,114.39506,-134.95564,64.433495,99.54015,-165.51212,65.51995,97.70508,-165.56421,66.81115,95.67831,-165.53166,63.812565,99.50132,-114.93423,64.35152,97.67458,-114.982765,65.08536,95.55048,-115.00021,82.850845,81.14777,-231.20966,80.605675,80.02649,-6.616783,90.83105,114.86528,-154.88272,91.44839,115.23416,-89.41161,169.51018,98.68732,-344.70895,176.21184,82.39768,154.97955,177.52728,216.43703,-419.25482,184.41458,201.06639,192.2346,164.24167,319.7277,-405.87228,173.50528,291.83615,64.44844,139.94337,326.19217,-469.02173,150.74567,297.09235,62.784664,134.49266,320.89413,-435.6936,147.47266,300.60364,4.892675,143.71768,319.30814,-394.67172,156.80156,299.9502,35.273808,364.80255,170.73636,-151.23055,362.13586,157.38727,151.08998,516.9772,210.4211,-90.64788,513.34735,206.93193,218.8076,673.13696,238.67477,26.78913,660.38446,235.0774,351.00314,705.845,228.93816,32.008774,689.2579,228.86273,359.3506,667.3048,301.58084,-86.82613,658.14105,297.4558,264.96585
61.jpg,360.55457,158.50719,13.462292,368.55566,156.83408,24.452747,368.9275,156.12651,24.444775,369.33826,155.23817,24.450603,368.76282,155.55342,-3.3297544,369.23376,154.08125,-3.3471472,369.85086,152.2834,-3.3742046,370.37354,142.2745,80.42518,370.5765,140.64236,-46.001057,354.17523,154.82538,36.63691,353.9279,153.02014,-0.2110812,325.9112,123.52833,152.13817,332.32104,125.19741,-109.036156,318.6229,184.85458,173.26823,326.37033,192.44464,-159.68578,318.77625,234.4268,106.856865,325.72015,252.56364,-155.11557,331.66452,235.02753,103.11257,338.93445,258.31027,-183.30977,335.0819,237.54207,81.416565,341.49954,254.70323,-166.13802,329.89487,238.59644,94.37156,336.93417,253.399,-148.23827,228.62546,150.69756,81.92935,230.2855,155.36676,-81.83793,145.72795,186.21428,76.96118,145.52773,190.90631,-77.365814,61.085407,217.16904,106.36895,54.989777,220.83563,-65.44355,45.115116,213.04832,105.85385,39.52196,216.12143,-68.22985,57.6223,247.47394,56.021122,46.05609,253.48361,-133.01804
66.jpg,156.79384,98.9958,206.98143,144.02899,93.64856,190.95126,142.38046,92.86831,190.92897,140.46869,92.58441,190.90234,148.8152,91.848854,214.09966,150.7047,89.36029,214.15909,152.53459,87.74741,214.12231,140.86537,85.03706,133.11914,158.1809,75.9003,236.57521,164.53912,96.92492,186.91505,170.82237,95.55418,217.27385,162.5148,76.15222,29.978409,231.29057,75.71852,269.75668,162.88583,184.79396,22.10217,235.56377,168.88466,320.61288,149.89612,270.83142,51.4161,237.40132,243.89867,313.3527,126.29668,276.29764,35.799168,218.28223,240.9651,321.14478,127.369026,269.7522,50.256756,213.24069,241.96844,291.52365,136.294,268.9813,59.335674,218.68481,244.88127,301.23,325.7639,147.2888,-69.722534,354.0483,120.19663,69.51218,476.1819,225.55072,-162.18983,462.84784,204.95728,94.66853,637.1586,274.86313,-311.60565,586.1733,236.2367,44.817616,669.7922,275.5268,-327.4451,615.7333,232.33875,36.992268,616.935,337.92474,-381.85345,592.8971,295.25223,15.849397
71.jpg,329.4357,1328.6866,-656.03723,317.40884,1252.2673,-786.4668,325.70786,1245.2301,-787.0356,334.6939,1238.8413,-787.51843,311.1803,1255.869,-577.8093,315.04306,1250.7465,-577.71906,318.99228,1245.6682,-577.86426,439.50137,1202.9916,-1098.3677,415.92065,1207.7013,-178.62486,407.91925,1366.2993,-746.6578,397.59735,1370.5282,-478.92776,794.79297,1441.7179,-1550.3861,866.9617,1400.0444,540.24963,897.2154,2094.4922,-1717.6064,955.828,2036.2633,717.2533,870.4721,2712.8271,-1762.7742,987.72565,2550.6316,394.5682,750.646,2777.541,-2079.783,913.43085,2573.8147,412.78842,735.49524,2764.702,-1919.694,902.12537,2591.341,153.36281,781.43195,2746.622,-1704.2169,936.56866,2603.323,277.66095,1685.8065,1804.4918,-626.6107,1676.3131,1795.3376,626.18665,2381.5332,2158.754,-589.6497,2409.1304,2080.39,850.8569,3132.5974,2322.233,-12.176837,3044.1538,2259.7117,1421.4916,3247.0125,2304.3823,37.302364,3155.3486,2244.3296,1474.8966,3213.6987,2456.9885,-269.04944,3077.9448,2416.7832,1114.1683
75.jpg,661.63513,189.51433,-160.71527,670.7842,176.42516,-145.78262,670.403,174.79704,-145.91063,669.6439,173.0146,-145.98758,669.9977,176.16925,-196.58966,669.1583,174.45102,-196.63263,668.01373,172.58067,-196.7369,654.0797,158.07031,-39.5618,653.467,160.4998,-267.134,645.31476,190.17424,-114.3282,644.3111,188.90477,-180.48106,562.1422,164.5623,119.08238,564.16254,171.1682,-346.72906,541.1173,264.51645,165.066,542.7609,279.9178,-403.8232,545.0653,363.5621,16.473764,543.1762,377.7589,-372.43854,568.6958,370.06143,-1.9905152,565.3188,390.21454,-431.66556,573.3701,371.55353,-51.38875,572.67883,385.45297,-416.19678,564.87915,370.45044,-11.844985,565.12787,381.9944,-367.41003,385.8816,224.22972,129.02856,369.1377,178.32576,-128.99025,231.44272,279.6372,110.227646,221.20514,254.37148,-102.19303,90.16816,337.94083,218.30594,81.55371,324.1242,3.70549,66.83682,342.85135,221.54607,53.88427,330.9993,3.017723,72.59425,363.5829,87.91228,61.706383,352.26428,-155.0267
77.jpg,28.102282,42.84755,-1.7136986,26.579206,37.603573,-11.0605755,27.006716,37.120872,-11.083017,27.548431,36.56239,-11.0707035,26.682802,37.63988,3.6209574,27.12325,37.222065,3.6098936,27.662273,36.6994,3.6131003,33.578163,34.078896,-33.006798,33.34204,33.799004,32.011208,33.224434,45.07894,-8.491302,33.441074,45.09412,10.480101,56.01561,50.29743,-77.62792,64.80642,45.635117,76.114136,56.854588,90.19172,-99.48677,65.52155,84.73545,75.913086,56.613716,125.45675,-103.476265,65.80282,118.24147,44.93995,48.257374,130.20247,-123.00238,58.058704,119.52824,46.593945,47.363125,129.14703,-112.04125,57.217964,121.13822,28.214638,51.002304,127.43574,-99.93216,60.581703,121.14114,35.96412,122.73502,74.43978,-50.289524,125.117165,69.036316,50.260494,181.5752,90.51717,-43.1631,181.46004,89.28751,52.62766,236.63603,105.23531,-27.352962,232.3346,102.929306,78.04097,246.59935,103.76144,-27.991222,242.18407,102.33887,79.01496,237.68535,126.494995,-71.0459,231.65045,124.12332,45.78256
8.jpg,527.33246,191.33852,-63.28503,534.31323,182.97795,-58.70813,534.12976,181.85219,-58.70949,533.8941,180.75731,-58.697876,533.7409,183.19269,-83.07463,533.1477,182.13896,-83.1123,532.49,181.11357,-83.101685,523.24133,170.02596,-9.375123,522.3478,173.019,-119.84104,516.2704,192.048,-39.720837,514.88,191.58531,-71.64623,453.00317,177.891,76.62827,455.14084,194.48436,-164.25565,441.40558,264.56583,92.18759,441.8312,290.53107,-185.93314,442.8734,335.95877,40.79941,444.42212,380.37988,-162.66158,459.7691,333.56744,36.48064,464.2588,385.36224,-199.37967,461.8197,336.23352,3.237319,468.38263,379.02374,-182.43127,455.12402,338.52612,25.39836,462.0202,377.41406,-157.78485,301.3651,221.61841,78.78627,296.616,237.44601,-78.81448,191.37604,264.67966,129.94524,178.22919,275.98468,-19.000927,97.566696,294.44366,200.4706,72.400986,311.78632,34.610325,76.749115,290.73373,205.78018,45.64123,311.4751,34.134453,111.363434,336.82678,173.51912,92.93089,357.76578,-26.602734
80.jpg,495.1831,130.77971,-41.912144,497.69397,122.34825,-35.412216,497.16177,121.45728,-35.43435,496.55136,120.356415,-35.45366,497.16855,122.04189,-58.806393,496.34482,121.02945,-58.829212,495.48264,119.81668,-58.850796,485.47934,112.945175,10.703333,485.27054,113.5182,-94.28336,486.4143,134.0133,-20.92161,486.08163,132.84453,-51.336437,427.12396,131.69704,86.26286,427.29846,132.52332,-136.14539,422.49832,200.91219,100.472466,424.09573,204.47885,-161.07289,428.0911,258.9965,59.10369,431.766,273.85703,-154.07233,442.953,261.4757,60.05945,447.7428,280.907,-183.9022,446.23975,263.0368,33.828335,450.00476,277.23547,-164.3577,440.33408,263.09573,46.54637,444.72342,274.93167,-147.5571,315.07623,178.36443,63.14492,313.4191,181.17506,-63.12394,221.3764,211.3716,96.668594,217.2055,213.48395,-31.687723,138.1749,236.04898,156.87659,131.11057,239.72522,21.275131,121.610054,234.37766,160.87224,112.84316,239.12361,22.86519,136.6619,268.34534,124.100655,130.0798,272.58255,-31.357882
85.jpg,607.9523,270.19446,8.800638,613.7482,258.52408,26.828957,613.0437,257.66583,26.828865,612.1241,256.6886,26.848846,613.0083,258.07697,-11.834149,611.96063,257.03296,-11.876633,610.74646,255.86342,-11.893979,595.5537,248.41937,115.32084,596.1306,249.80434,-56.74139,594.3024,275.17667,45.178467,593.1518,274.48727,-5.1652327,521.4764,265.00186,236.08849,533.8374,279.32983,-154.50081,509.71774,361.197,233.82066,517.50085,377.77707,-201.56636,506.59668,442.18234,140.21259,512.29083,473.8162,-210.44633,525.50415,448.2865,142.85594,534.26526,480.9628,-266.90692,527.29596,451.39633,98.58374,536.85516,477.43042,-229.05147,519.0305,450.0561,118.56308,527.45044,474.95175,-198.21512,371.13507,278.32214,130.24757,374.82712,293.05722,-130.00404,238.74947,344.80365,124.87894,242.32307,356.02725,-122.47446,123.45674,406.1949,166.27382,108.77817,420.52853,-101.74079,93.9052,407.95792,166.69995,80.93796,424.5686,-106.2319,136.0356,453.8817,98.40511,125.06779,468.6629,-199.67944
86.jpg,108.35141,254.08493,1.5341293,95.96754,245.817,-20.937208,95.63977,244.55595,-20.970879,95.23663,243.00056,-20.902693,96.529495,245.22482,10.496396,96.68591,243.74295,10.47465,96.791176,241.83414,10.54413,103.128586,230.86687,-73.13025,104.53049,228.23466,68.34695,120.00475,251.22314,-13.823012,120.85011,251.6891,27.343391,166.49712,238.32619,-160.15747,184.96587,230.94736,170.33185,163.6946,344.42166,-199.86119,191.67648,322.08646,201.45677,168.30087,450.12253,-195.11015,198.35966,402.3028,144.89156,145.94554,457.55075,-231.52124,181.20755,398.735,146.00835,143.83203,452.02866,-207.11607,178.29807,404.50058,105.49592,152.93004,449.70224,-185.46005,185.4339,407.4711,125.2761,338.66907,276.57318,-100.74484,334.56244,288.0975,100.44283,481.07907,278.14902,-97.21786,465.90228,332.7079,112.10244,620.88025,251.26521,-59.1387,584.70734,370.57266,173.29115,632.86053,244.05914,-58.60441,612.46924,368.5891,175.2208,681.9792,269.68326,-150.27655,590.6921,425.7999,107.2768
88.jpg,242.92845,71.300064,-20.64052,244.80127,65.92721,-15.231747,244.39041,65.482285,-15.249972,243.90738,65.00978,-15.250835,244.39688,65.69923,-31.835423,243.80135,65.1341,-31.859924,243.17383,64.525925,-31.891018,237.05339,61.44038,17.645218,236.87074,61.284817,-56.56187,237.41467,73.450294,-6.199909,237.0009,72.97616,-27.748024,205.30998,69.78008,71.98041,206.05275,73.33955,-90.32457,198.71747,107.675766,76.71763,199.88133,114.363785,-106.327934,199.54506,140.39294,35.200127,201.75035,153.06793,-100.47001,207.79323,141.80861,34.66764,211.18646,154.42822,-120.28741,209.15108,142.88347,18.672663,212.23123,152.3321,-108.716576,205.9438,142.83585,26.89434,208.95305,151.83612,-96.434875,139.73056,91.21874,50.22988,140.28024,95.7337,-50.204094,86.67236,110.74684,64.95095,86.30009,113.0228,-33.855553,36.441963,125.1313,97.538956,34.561863,126.688545,-5.9717264,26.910036,122.575676,99.27874,23.232407,122.99623,-5.686693,37.069416,146.12085,73.823494,34.339005,148.38205,-41.9857
91.jpg,109.87991,219.36748,-11.177309,107.75483,210.79677,-25.541016,108.49818,210.06822,-25.575283,109.45619,209.31862,-25.568733,107.89627,210.81453,-2.1036162,108.657486,210.07742,-2.0956354,109.61782,209.24696,-2.0689719,119.75053,205.82867,-56.10435,119.486244,204.73471,46.739372,119.00382,222.40305,-20.054817,119.07536,222.27945,10.186414,158.50757,229.27289,-113.46219,167.79614,222.30827,116.18827,166.19986,299.95404,-137.20038,174.54654,286.59033,120.06713,156.42207,358.8545,-140.13449,171.67747,338.25525,75.14108,141.37976,360.7966,-171.00523,157.70009,337.90564,80.96321,140.56578,356.0214,-149.19426,155.85126,339.61472,51.12548,146.82195,355.41687,-133.04358,160.5964,340.90045,61.381584,273.3201,262.03964,-73.98171,274.9174,254.37096,74.03051,363.09973,293.28275,-68.5817,363.5301,289.80356,75.69956,450.76138,327.1703,-47.23328,440.4585,318.4149,106.446365,474.15875,330.7324,-48.112183,458.2491,318.7304,107.057724,438.38232,358.12045,-104.72185,433.3434,351.955,59.164925
98.jpg,280.80426,104.13666,-20.711023,282.97617,98.08147,-12.723451,282.59958,97.43149,-12.741208,282.1921,96.740776,-12.742471,282.59305,97.54674,-33.279663,282.00092,96.66247,-33.312965,281.33835,95.78441,-33.36635,274.98688,91.961105,30.225084,274.7595,92.136894,-60.80867,274.20914,106.52023,-2.6355107,273.65714,105.369484,-29.066034,234.70227,99.944305,99.69477,241.18005,106.02649,-113.92676,229.82414,150.83302,97.983864,236.0964,154.6599,-140.16127,228.06673,192.90355,35.29679,232.14409,198.85356,-133.25894,239.30112,195.52129,32.729626,243.2357,204.77597,-158.1484,242.25551,196.34494,13.435329,244.97673,202.05832,-142.56877,237.19121,195.69388,24.172792,240.71349,200.28436,-127.80694,157.29817,118.87638,66.82358,158.67451,123.688515,-66.75483,90.09855,135.78587,69.35688,88.52102,138.26398,-58.57943,25.46837,146.04655,105.593285,21.057827,147.78458,-31.295063,12.820771,141.44731,106.82694,8.266049,143.13306,-31.85077,21.70903,172.52394,68.64475,16.873419,174.92856,-83.39847
